categoria,tipo,espanol,ingles_propuesto,veces_en_los_textos,nota,frances_propuesto,polaco_propuesto
Dioses y seres míticos,igual,Quetzalcóatl,Quetzalcóatl,35,,Quetzalcóatl,Quetzalcóatl
Dioses y seres míticos,igual,Chac,Chac,25,,Chac,Chac
Dioses y seres míticos,igual,Tláloc,Tláloc,23,,Tláloc,Tláloc
Dioses y seres míticos,igual,Tlaltecuhtli,Tlaltecuhtli,17,,Tlaltecuhtli,Tlaltecuhtli
Dioses y seres míticos,traducir,Serpiente Emplumada,Feathered Serpent,17,,Serpent à plumes,Wąż Pierzasty
Dioses y seres míticos,igual,Huehuetéotl,Huehuetéotl,16,,Huehuetéotl,Huehuetéotl
Dioses y seres míticos,igual,Huitzilopochtli,Huitzilopochtli,15,,Huitzilopochtli,Huitzilopochtli
Dioses y seres míticos,igual,Tlahuizcalpantecuhtli,Tlahuizcalpantecuhtli,15,,Tlahuizcalpantecuhtli,Tlahuizcalpantecuhtli
Dioses y seres míticos,igual,Coatlicue,Coatlicue,13,,Coatlicue,Coatlicue
Dioses y seres míticos,igual,Cocijo,Cocijo,13,,Cocijo,Cocijo
Dioses y seres míticos,igual,Curicaueri,Curicaueri,12,,Curicaueri,Curicaueri
Dioses y seres míticos,igual,Ehécatl,Ehécatl,11,,Ehécatl,Ehécatl
Dioses y seres míticos,igual,Tezcatlipoca,Tezcatlipoca,10,,Tezcatlipoca,Tezcatlipoca
Dioses y seres míticos,igual,Coyolxauhqui,Coyolxauhqui,9,,Coyolxauhqui,Coyolxauhqui
Dioses y seres míticos,igual,Xochipilli,Xochipilli,9,,Xochipilli,Xochipilli
Dioses y seres míticos,igual,Tonatiuh,Tonatiuh,8,,Tonatiuh,Tonatiuh
Dioses y seres míticos,igual,Cihuateteo,Cihuateteo,7,,Cihuateteo,Cihuateteo
Dioses y seres míticos,igual,Chalchiuhtlicue,Chalchiuhtlicue,6,,Chalchiuhtlicue,Chalchiuhtlicue
Dioses y seres míticos,igual,Xiuhcóatl,Xiuhcóatl,6,,Xiuhcóatl,Xiuhcóatl
Dioses y seres míticos,igual,Xiuhtecuhtli,Xiuhtecuhtli,5,,Xiuhtecuhtli,Xiuhtecuhtli
Dioses y seres míticos,igual,Kauyumari,Kauyumari,5,,Kauyumari,Kauyumari
Dioses y seres míticos,traducir,Quinto Sol,Fifth Sun,5,,Cinquième Soleil,Piąte Słońce
Dioses y seres míticos,igual,Chaahk,Chaahk,4,,Chaahk,Chaahk
Dioses y seres míticos,igual,Pitao Cocijo,Pitao Cocijo,3,,Pitao Cocijo,Pitao Cocijo
Dioses y seres míticos,igual,Pitao Cozobi,Pitao Cozobi,3,,Pitao Cozobi,Pitao Cozobi
Dioses y seres míticos,igual,Cipactli,Cipactli,3,,Cipactli,Cipactli
Dioses y seres míticos,igual,Tepeyóllotl,Tepeyóllotl,3,,Tepeyóllotl,Tepeyóllotl
Dioses y seres míticos,traducir,Dios del Maíz,Maize God (Corn God),3,Aprobado por Alberto,Dieu du Maïs,Bóg Kukurydzy
Dioses y seres míticos,traducir,Serpiente de Agua,Water Serpent,3,,Serpent d'eau,Wąż Wodny
Dioses y seres míticos,igual,Mictlantecuhtli,Mictlantecuhtli,2,,Mictlantecuhtli,Mictlantecuhtli
Dioses y seres míticos,igual,Xipe Tótec,Xipe Tótec,2,,Xipe Tótec,Xipe Tótec
Dioses y seres míticos,igual,Cihuacóatl,Cihuacóatl,2,,Cihuacóatl,Cihuacóatl
Dioses y seres míticos,igual,Ometeotl,Ometeotl,2,,Ometeotl,Ometeotl
Dioses y seres míticos,igual,Centzonhuitznahua,Centzonhuitznahua,2,,Centzonhuitznahua,Centzonhuitznahua
Dioses y seres míticos,igual,Tztitzimitl,Tztitzimitl,2,,Tztitzimitl,Tztitzimitl
Dioses y seres míticos,igual,Xbalanqué,Xbalanqué,2,,Xbalanqué,Xbalanqué
Dioses y seres míticos,igual,Tatewari,Tatewari,2,,Tatewari,Tatewari
Dioses y seres míticos,igual,Hachäk'yum,Hachäk'yum,2,,Hachäk'yum,Hachäk'yum
Dioses y seres míticos,traducir,Dios Viejo del Fuego,Old God of Fire,2,,Vieux Dieu du Feu,Stary Bóg Ognia
Sitios y lugares,igual,Tula,Tula,74,,Tula,Tula
Sitios y lugares,igual,Teotihuacán,Teotihuacán,60,,Teotihuacán,Teotihuacán
Sitios y lugares,igual,Monte Albán,Monte Albán,53,,Monte Albán,Monte Albán
Sitios y lugares,igual,Tlatilco,Tlatilco,44,,Tlatilco,Tlatilco
Sitios y lugares,traducir,Altiplano Central,Central Highlands,43,"Propuesta; también se usa ""Central Altiplano""",Haut Plateau central,Wyżyna Centralna
Sitios y lugares,traducir,Estado de México,State of Mexico,42,,État de Mexico,Stan Meksyk
Sitios y lugares,traducir,Mesoamérica,Mesoamerica,39,,Mésoamérique,Mezoameryka
Sitios y lugares,traducir,Costa del Golfo,Gulf Coast,37,,côte du Golfe,Wybrzeże Zatoki Meksykańskiej
Sitios y lugares,igual,Tenochtitlan,Tenochtitlan,34,,Tenochtitlan,Tenochtitlan
Sitios y lugares,traducir,Ciudad de México,Mexico City,30,,Mexico,Miasto Meksyk
Sitios y lugares,igual,Cuicuilco,Cuicuilco,26,,Cuicuilco,Cuicuilco
Sitios y lugares,traducir,Cuenca de México,Basin of Mexico,22,,bassin de Mexico,Dolina Meksyku
Sitios y lugares,igual,Pátzcuaro,Pátzcuaro,19,,Pátzcuaro,Pátzcuaro
Sitios y lugares,igual,Paquimé,Paquimé,18,,Paquimé,Paquimé
Sitios y lugares,igual,Papantla,Papantla,16,,Papantla,Papantla
Sitios y lugares,igual,Templo Mayor,Templo Mayor,16,,Templo Mayor,Templo Mayor
Sitios y lugares,igual,Ihuatzio,Ihuatzio,15,,Ihuatzio,Ihuatzio
Sitios y lugares,igual,Tlapacoya,Tlapacoya,15,,Tlapacoya,Tlapacoya
Sitios y lugares,igual,Uxmal,Uxmal,14,,Uxmal,Uxmal
Sitios y lugares,igual,Alta Vista,Alta Vista,14,,Alta Vista,Alta Vista
Sitios y lugares,igual,Cuetzalan,Cuetzalan,14,,Cuetzalan,Cuetzalan
Sitios y lugares,igual,Texcoco,Texcoco,14,,Texcoco,Texcoco
Sitios y lugares,igual,Palacio Quemado,Palacio Quemado,14,,Palacio Quemado,Palacio Quemado
Sitios y lugares,traducir,Gran Nayar,Gran Nayar,14,Nombre propio: se queda igual,Gran Nayar,Gran Nayar
Sitios y lugares,igual,Chichén Itzá,Chichén Itzá,12,,Chichén Itzá,Chichén Itzá
Sitios y lugares,traducir,Valles Centrales de Oaxaca,Central Valleys of Oaxaca,12,,Vallées centrales d'Oaxaca,Centralne Doliny Oaxaca
Sitios y lugares,igual,Mitla,Mitla,11,,Mitla,Mitla
Sitios y lugares,igual,Palenque,Palenque,11,,Palenque,Palenque
Sitios y lugares,igual,La Venta,La Venta,11,,La Venta,La Venta
Sitios y lugares,igual,Tollan-Xicocotitlan,Tollan-Xicocotitlan,10,,Tollan-Xicocotitlan,Tollan-Xicocotitlan
Sitios y lugares,igual,Jaina,Jaina,10,,Jaina,Jaina
Sitios y lugares,igual,La Ventilla,La Ventilla,10,,La Ventilla,La Ventilla
Sitios y lugares,igual,Chalchihuites,Chalchihuites,10,,Chalchihuites,Chalchihuites
Sitios y lugares,igual,Xalitla,Xalitla,10,,Xalitla,Xalitla
Sitios y lugares,igual,Chapultepec,Chapultepec,10,,Chapultepec,Chapultepec
Sitios y lugares,traducir,Centro Histórico,Historic Center,10,,Centre historique,Centrum Historyczne
Sitios y lugares,traducir,Oasisamérica,Oasisamerica,10,,Oasisamérique,Oazoameryka
Sitios y lugares,igual,Calakmul,Calakmul,9,,Calakmul,Calakmul
Sitios y lugares,igual,Tzintzuntzan,Tzintzuntzan,9,,Tzintzuntzan,Tzintzuntzan
Sitios y lugares,traducir,Península de Yucatán,Yucatán Peninsula,9,,péninsule du Yucatán,Półwysep Jukatan
Sitios y lugares,igual,Yaxchilán,Yaxchilán,8,,Yaxchilán,Yaxchilán
Sitios y lugares,igual,El Tajín,El Tajín,8,,El Tajín,El Tajín
Sitios y lugares,igual,Tequixquiac,Tequixquiac,8,,Tequixquiac,Tequixquiac
Sitios y lugares,igual,Xitle,Xitle,8,,Xitle,Xitle
Sitios y lugares,igual,Wirikuta,Wirikuta,8,,Wirikuta,Wirikuta
Sitios y lugares,igual,Las Limas,Las Limas,8,,Las Limas,Las Limas
Sitios y lugares,igual,Atlihuayan,Atlihuayan,8,,Atlihuayan,Atlihuayan
Sitios y lugares,traducir,Golfo de México,Gulf of Mexico,8,,golfe du Mexique,Zatoka Meksykańska
Sitios y lugares,traducir,Sierra Madre Occidental,Sierra Madre Occidental,8,Nombre propio: se queda igual,Sierra Madre occidentale,Sierra Madre Zachodnia
Sitios y lugares,igual,Kabah,Kabah,7,,Kabah,Kabah
Sitios y lugares,igual,Tepantitla,Tepantitla,7,,Tepantitla,Tepantitla
Sitios y lugares,igual,San Lorenzo,San Lorenzo,7,,San Lorenzo,San Lorenzo
Sitios y lugares,igual,Los Placeres,Los Placeres,7,,Los Placeres,Los Placeres
Sitios y lugares,igual,Chinkultic,Chinkultic,6,,Chinkultic,Chinkultic
Sitios y lugares,igual,Coatepec,Coatepec,5,,Coatepec,Coatepec
Sitios y lugares,igual,Tamuín,Tamuín,5,,Tamuín,Tamuín
Sitios y lugares,igual,Coatlinchan,Coatlinchan,5,,Coatlinchan,Coatlinchan
Sitios y lugares,traducir,Golfo de California,Gulf of California,5,,golfe de Californie,Zatoka Kalifornijska
Sitios y lugares,traducir,Aridoamérica,Aridoamerica,5,,Aridoamérique,Aridoameryka
Sitios y lugares,traducir,Océano Pacífico,Pacific Ocean,4,,océan Pacifique,Ocean Spokojny
Sitios y lugares,traducir,Selva Lacandona,Lacandon Jungle,4,,forêt lacandone,Dżungla Lakandońska
Sitios y lugares,igual,México-Tenochtitlan,México-Tenochtitlan,3,,México-Tenochtitlan,México-Tenochtitlan
Sitios y lugares,igual,Izamal,Izamal,3,,Izamal,Izamal
Sitios y lugares,igual,Tenayuca,Tenayuca,3,,Tenayuca,Tenayuca
Sitios y lugares,igual,Tlalmanalco,Tlalmanalco,3,,Tlalmanalco,Tlalmanalco
Sitios y lugares,traducir,Istmo de Tehuantepec,Isthmus of Tehuantepec,3,,isthme de Tehuantepec,Przesmyk Tehuantepec
Sitios y lugares,traducir,Bosque de Chapultepec,Chapultepec Forest,3,,bois de Chapultepec,Las Chapultepec
Sitios y lugares,igual,Zócalo,Zócalo,2,,Zócalo,Zócalo
Sitios y lugares,traducir,Trópico de Cáncer,Tropic of Cancer,2,,tropique du Cancer,Zwrotnik Raka
Sitios y lugares,traducir,Plaza de Armas,Plaza de Armas,2,,Plaza de Armas,Plaza de Armas
Estados y regiones de México,igual,Oaxaca,Oaxaca,74,,Oaxaca,Oaxaca
Estados y regiones de México,igual,Hidalgo,Hidalgo,47,,Hidalgo,Hidalgo
Estados y regiones de México,igual,Puebla,Puebla,47,,Puebla,Puebla
Estados y regiones de México,igual,Veracruz,Veracruz,44,,Veracruz,Veracruz
Estados y regiones de México,igual,Michoacán,Michoacán,42,,Michoacán,Michoacán
Estados y regiones de México,igual,Yucatán,Yucatán,30,,Yucatán,Yucatán
Estados y regiones de México,igual,Huasteca,Huasteca,29,,Huasteca,Huasteca
Estados y regiones de México,igual,Chiapas,Chiapas,27,,Chiapas,Chiapas
Estados y regiones de México,igual,Nayarit,Nayarit,22,,Nayarit,Nayarit
Estados y regiones de México,igual,Colima,Colima,21,,Colima,Colima
Estados y regiones de México,igual,Jalisco,Jalisco,18,,Jalisco,Jalisco
Estados y regiones de México,igual,Sonora,Sonora,16,,Sonora,Sonora
Estados y regiones de México,igual,Chihuahua,Chihuahua,13,,Chihuahua,Chihuahua
Estados y regiones de México,igual,Campeche,Campeche,11,,Campeche,Campeche
Estados y regiones de México,igual,San Luis Potosí,San Luis Potosí,9,,San Luis Potosí,San Luis Potosí
Estados y regiones de México,igual,Coahuila,Coahuila,7,,Coahuila,Coahuila
Estados y regiones de México,igual,Morelos,Morelos,7,,Morelos,Morelos
Estados y regiones de México,igual,Tabasco,Tabasco,7,,Tabasco,Tabasco
Estados y regiones de México,igual,Zacatecas,Zacatecas,6,,Zacatecas,Zacatecas
Estados y regiones de México,igual,Durango,Durango,6,,Durango,Durango
Estados y regiones de México,igual,Totonacapan,Totonacapan,5,,Totonacapan,Totonacapan
Estados y regiones de México,igual,Costa Chica,Costa Chica,5,,Costa Chica,Costa Chica
Estados y regiones de México,igual,Guanajuato,Guanajuato,3,,Guanajuato,Guanajuato
Estados y regiones de México,igual,Soconusco,Soconusco,3,,Soconusco,Soconusco
Estados y regiones de México,igual,Mixteca Baja,Mixteca Baja,3,,Mixteca Baja,Mixteca Baja
Estados y regiones de México,igual,Quintana Roo,Quintana Roo,2,,Quintana Roo,Quintana Roo
Estados y regiones de México,igual,Tuxtlas,Tuxtlas,2,,Tuxtlas,Tuxtlas
Periodos,traducir,Preclásico,Preclassic,89,,Préclassique,Preklasyk
Periodos,traducir,Posclásico,Postclassic,87,,Postclassique,Postklasyk
Periodos,traducir,Clásico,Classic,81,,Classique,Klasyk
Periodos,traducir,Posclásico Temprano,Early Postclassic,38,,Postclassique ancien,Wczesny postklasyk
Periodos,traducir,Posclásico Tardío,Late Postclassic,34,,Postclassique récent,Późny postklasyk
Periodos,traducir,Preclásico Medio,Middle Preclassic,33,,Préclassique moyen,Środkowy preklasyk
Periodos,traducir,Clásico Tardío,Late Classic,26,,Classique récent,Późny klasyk
Periodos,traducir,Clásico Temprano,Early Classic,11,,Classique ancien,Wczesny klasyk
Periodos,traducir,Preclásico Tardío,Late Preclassic,9,,Préclassique récent,Późny preklasyk
Periodos,traducir,Etapa Lítica,Lithic Stage,8,,stade lithique,Okres litycki
Periodos,traducir,Pleistoceno,Pleistocene,7,,Pléistocène,Plejstocen
Periodos,traducir,Cenolítico Inferior,Lower Cenolithic,6,Término de la arqueología mexicana; en inglés casi no se usa. Propongo conservarlo traducido y explicarlo la primera vez,Cénolithique inférieur,Dolny cenolit
Periodos,traducir,Preclásico Temprano,Early Preclassic,5,,Préclassique ancien,Wczesny preklasyk
Periodos,traducir,Cuenta Larga,Long Count,3,,Compte long,Długa Rachuba
Periodos,traducir,Preclásico Superior,Late Preclassic,2,Revisar: ¿es lo mismo que Tardío en tus textos?,Préclassique récent,Późny preklasyk
Periodos,traducir,Protoclásico,Protoclassic,2,,Protoclassique,Protoklasyk
Periodos,traducir,Pleistoceno Tardío,Late Pleistocene,2,,Pléistocène supérieur,Późny plejstocen
Periodos,traducir,Plioceno,Pliocene,2,,Pliocène,Pliocen
Periodos,traducir,Fuego Nuevo,New Fire,2,,Feu nouveau,Nowy Ogień
Periodos,traducir,Nahui Ollin,Nahui Ollin,2,,Nahui Ollin,Nahui Ollin
Pueblos y culturas,igual,Purépecha,Purépecha,33,,Purépecha,Purépecha
Pueblos y culturas,igual,Mexica,Mexica,32,,Mexica,Mexica
Pueblos y culturas,traducir,Tolteca / Toltecas,Toltec,30,Forma en inglés (no se copia la forma en español),Toltèque,Toltekowie
Pueblos y culturas,igual,Otomí,Otomí,14,,Otomí,Otomí
Pueblos y culturas,igual,Comcaac,Comcaac,14,,Comcaac,Comcaac
Pueblos y culturas,aprobado,Comcaac / Seri,Comcaac (Seri),14,Aprobado: la primera vez con Seri entre paréntesis,Comcaac (Seri),Comcaac (Seri)
Pueblos y culturas,igual,Hñähñu,Hñähñu,13,,Hñähñu,Hñähñu
Pueblos y culturas,igual,Cora,Cora,13,,Cora,Cora
Pueblos y culturas,igual,Mezcala,Mezcala,13,,Mezcala,Mezcala
Pueblos y culturas,traducir,Olmeca / Olmecas,Olmec,12,Forma en inglés (no se copia la forma en español),Olmèque,Olmekowie
Pueblos y culturas,traducir,Teotihuacana / Teotihuacano / Teotihuacanos,Teotihuacán,12,Forma en inglés (no se copia la forma en español),Teotihuacán,Teotihuacán
Pueblos y culturas,igual,Yaqui,Yaqui,11,,Yaqui,Yaqui
Pueblos y culturas,traducir,Mixteca / Mixtecas,Mixtec,10,Forma en inglés (no se copia la forma en español),Mixtèque,Mixtekowie
Pueblos y culturas,igual,Seri,Seri,10,,Seri,Seri
Pueblos y culturas,igual,Capacha,Capacha,10,,Capacha,Capacha
Pueblos y culturas,igual,Chupícuaro,Chupícuaro,10,,Chupícuaro,Chupícuaro
Pueblos y culturas,traducir,Zapoteca / Zapotecas,Zapotec,9,Forma en inglés (no se copia la forma en español),Zapotèque,Zapotekowie
Pueblos y culturas,igual,Wixárika,Wixárika,9,,Wixárika,Wixárika
Pueblos y culturas,aprobado,Wixárika / Huichol,Wixárika (Huichol),9,Aprobado: la primera vez con Huichol entre paréntesis,Wixárika (Huichol),Wixárika (Huichol)
Pueblos y culturas,igual,Mazahua,Mazahua,8,,Mazahua,Mazahua
Pueblos y culturas,igual,Rarámuri,Rarámuri,8,,Rarámuri,Rarámuri
Pueblos y culturas,aprobado,Rarámuri / Tarahumara,Rarámuri (Tarahumara),8,Aprobado: la primera vez con Tarahumara entre paréntesis,Rarámuri (Tarahumara),Rarámuri (Tarahumara)
Pueblos y culturas,traducir,Totonaca / Totonacas,Totonac,7,Forma en inglés (no se copia la forma en español),Totonaque,Totonakowie
Pueblos y culturas,traducir,Mayas,Maya,6,Forma en inglés (no se copia la forma en español),Mayas,Majowie
Pueblos y culturas,igual,Tének,Tének,6,,Tének,Tének
Pueblos y culturas,igual,Remojadas,Remojadas,6,,Remojadas,Remojadas
Pueblos y culturas,traducir,Nahuas,Nahua,5,Forma en inglés (no se copia la forma en español),Nahuas,Nahuowie
Pueblos y culturas,igual,Macehual,Macehual,5,,Macehual,Macehual
Pueblos y culturas,igual,P'urhépecha,P'urhépecha,4,,P'urhépecha,P'urhépecha
Pueblos y culturas,igual,Yoeme,Yoeme,4,,Yoeme,Yoeme
Pueblos y culturas,igual,Jñatjo,Jñatjo,4,,Jñatjo,Jñatjo
Pueblos y culturas,igual,Tutunaku,Tutunaku,4,,Tutunaku,Tutunaku
Pueblos y culturas,traducir,Chichimeca / Chichimecas,Chichimec,4,Forma en inglés (no se copia la forma en español),Chichimèque,Czichimekowie
Pueblos y culturas,igual,Binnizá,Binnizá,3,,Binnizá,Binnizá
Pueblos y culturas,traducir,Lacandón / Lacandones,Lacandon,3,Forma en inglés (no se copia la forma en español),Lacandon,Lakandonowie
Pueblos y culturas,igual,Tarahumara,Tarahumara,3,,Tarahumara,Tarahumara
Pueblos y culturas,igual,Acolhua,Acolhua,2,,Acolhua,Acolhua
Personas,igual,Alfonso Caso,Alfonso Caso,18,,Alfonso Caso,Alfonso Caso
Personas,igual,Pedro Ramírez Vázquez,Pedro Ramírez Vázquez,14,,Pedro Ramírez Vázquez,Pedro Ramírez Vázquez
Personas,igual,Pakal,Pakal,14,,Pakal,Pakal
Personas,igual,Tízoc,Tízoc,7,,Tízoc,Tízoc
Personas,igual,Manuel Felguérez,Manuel Felguérez,6,,Manuel Felguérez,Manuel Felguérez
Personas,igual,Miguel Covarrubias,Miguel Covarrubias,5,,Miguel Covarrubias,Miguel Covarrubias
Personas,igual,Moctezuma II,Moctezuma II,5,,Moctezuma II,Moctezuma II
Personas,igual,Escudo Jaguar II,Escudo Jaguar II,5,,Escudo Jaguar II,Escudo Jaguar II
Personas,igual,Ix K'ab'al Xook,Ix K'ab'al Xook,5,,Ix K'ab'al Xook,Ix K'ab'al Xook
Personas,igual,Tomás Chávez Morado,Tomás Chávez Morado,5,,Tomás Chávez Morado,Tomás Chávez Morado
Personas,igual,Rufino Tamayo,Rufino Tamayo,4,,Rufino Tamayo,Rufino Tamayo
Personas,igual,Iker Larrauri,Iker Larrauri,4,,Iker Larrauri,Iker Larrauri
Personas,igual,Daniel Rubín de la Borbolla,Daniel Rubín de la Borbolla,4,,Daniel Rubín de la Borbolla,Daniel Rubín de la Borbolla
Personas,igual,K'inich Janaab' Pakal,K'inich Janaab' Pakal,4,,K'inich Janaab' Pakal,K'inich Janaab' Pakal
Personas,igual,Leopoldo Batres,Leopoldo Batres,3,,Leopoldo Batres,Leopoldo Batres
Personas,igual,Manuel Gamio,Manuel Gamio,3,,Manuel Gamio,Manuel Gamio
Personas,igual,Eduardo Matos Moctezuma,Eduardo Matos Moctezuma,3,,Eduardo Matos Moctezuma,Eduardo Matos Moctezuma
Personas,igual,Yuknoom Took' K'awiil,Yuknoom Took' K'awiil,3,,Yuknoom Took' K'awiil,Yuknoom Took' K'awiil
Personas,igual,Alberto Ruz Lhuillier,Alberto Ruz Lhuillier,2,,Alberto Ruz Lhuillier,Alberto Ruz Lhuillier
Personas,igual,Fernando Benítez,Fernando Benítez,2,,Fernando Benítez,Fernando Benítez
Personas,igual,José García Payón,José García Payón,2,,José García Payón,José García Payón
Personas,igual,Isabel Kelly,Isabel Kelly,2,,Isabel Kelly,Isabel Kelly
Personas,igual,Byron Cummings,Byron Cummings,2,,Byron Cummings,Byron Cummings
Personas,igual,Jesús Carranza,Jesús Carranza,2,,Jesús Carranza,Jesús Carranza
Personas,igual,Luis Covarrubias,Luis Covarrubias,2,,Luis Covarrubias,Luis Covarrubias
Personas,igual,Atelier Daynés de París,Atelier Daynés de París,2,,Atelier Daynés de París,Atelier Daynés de París
Personas,igual,Jorge Acosta,Jorge Acosta,1,,Jorge Acosta,Jorge Acosta
Instituciones y museo,traducir,INAH,INAH,211,,INAH,INAH
Instituciones y museo,traducir,Museo Nacional de Antropología,National Museum of Anthropology,203,"Propuesta: se puede abreviar ""MNA"" en todos los idiomas",Musée national d'anthropologie,Narodowe Muzeum Antropologii
Instituciones y museo,traducir,Instituto Nacional de Antropología e Historia,National Institute of Anthropology and History (INAH),81,Primera vez con el nombre; después solo INAH,Institut national d'anthropologie et d'histoire (INAH),Narodowy Instytut Antropologii i Historii (INAH)
Instituciones y museo,traducir,MNA,MNA,32,,MNA,MNA
Instituciones y museo,traducir,Palacio Nacional,National Palace,3,,Palais national,Pałac Narodowy
Instituciones y museo,traducir,Subdirección de Etnografía del INAH,Ethnography Subdirectorate of INAH,2,Propuesta,Sous-direction d'ethnographie de l'INAH,Poddyrekcja Etnografii INAH
Instituciones y museo,traducir,UNESCO,UNESCO,2,,UNESCO,UNESCO
Instituciones y museo,traducir,Patrimonio Cultural Inmaterial,Intangible Cultural Heritage,2,,patrimoine culturel immatériel,Niematerialne dziedzictwo kulturowe
Instituciones y museo,traducir,Museo Etnológico de Viena,"Museum of Ethnology, Vienna",2,Revisar nombre oficial en inglés,Musée d'ethnologie de Vienne,Muzeum Etnologiczne w Wiedniu
Instituciones y museo,traducir,Catedral Metropolitana,Metropolitan Cathedral,2,,cathédrale métropolitaine,Katedra Metropolitalna
Salas y partes del museo,traducir,Sala,Hall,190,"Propuesta: ""Sala Mexica"" = ""Mexica Hall""",Salle,Sala
Salas y partes del museo,traducir,Preclásico en el Altiplano Central,Preclassic in the Central Highlands,9,,Préclassique sur le Haut Plateau central,Preklasyk na Wyżynie Centralnej
Salas y partes del museo,traducir,Patio Central,Central Courtyard,9,,Cour centrale,Dziedziniec Centralny
Salas y partes del museo,traducir,Poblamiento de América,Peopling of the Americas,8,,Peuplement des Amériques,Zasiedlenie Ameryk
Salas y partes del museo,traducir,Culturas del Occidente,Cultures of Western Mexico,7,,Cultures de l'Occident du Mexique,Kultury Zachodniego Meksyku
Salas y partes del museo,aprobado,El Paraguas,The Umbrella,7,Aprobado por Alberto,Le Parapluie,Parasol
Salas y partes del museo,traducir,Introducción a la Antropología,Introduction to Anthropology,5,,Introduction à l'anthropologie,Wprowadzenie do antropologii
Salas y partes del museo,traducir,Culturas de la Costa del Golfo,Cultures of the Gulf Coast,5,,Cultures de la côte du Golfe,Kultury Wybrzeża Zatoki Meksykańskiej
Salas y partes del museo,traducir,Nahuas,Nahua Peoples,5,,,Nahuowie
Salas y partes del museo,traducir,Pueblos Mayas,Maya Peoples,4,,Peuples mayas,Ludy Majów
Salas y partes del museo,aprobado,Puréecherio,Purépecha Hall,3,"Aprobado: el nombre correcto es Purépecha; corregir ""Puréecherio"" en la hoja",Salle Purépecha,Sala Purépecha
Salas y partes del museo,traducir,Culturas del Norte,Cultures of Northern Mexico,2,,Cultures du Nord du Mexique,Kultury Północnego Meksyku
Salas y partes del museo,traducir,Pueblos Indios,Indigenous Peoples,2,,Peuples autochtones,Ludy tubylcze
Salas y partes del museo,traducir,Otopames,Otopame Peoples,2,,Peuples otopames,Ludy Otopame
Salas y partes del museo,traducir,Huastecos y Totonacos,Huastecs and Totonacs,2,,Huastèques et Totonaques,Huastekowie i Totonakowie
Salas y partes del museo,traducir,Noroeste,Northwest,2,,Nord-Ouest,Północny zachód
Salas y partes del museo,traducir,Planta Alta,Upper Floor,2,,Étage supérieur,Piętro górne
Salas y partes del museo,traducir,Arquitectura y Patio Central,Architecture and Central Courtyard,1,,Architecture et cour centrale,Architektura i Dziedziniec Centralny
Salas y partes del museo,traducir,Los Toltecas y su época,The Toltecs and Their Era,1,,Les Toltèques et leur époque,Toltekowie i ich epoka
Salas y partes del museo,aprobado,El Espejo de Agua,The Reflecting Pool,1,Aprobado por Alberto,Le Miroir d'eau,Lustro Wody
Piezas y objetos,igual,Chac Mool,Chac Mool,23,,Chac Mool,Chac Mool
Piezas y objetos,igual,Coatepantli,Coatepantli,12,,Coatepantli,Coatepantli
Piezas y objetos,igual,Puuc,Puuc,12,,Puuc,Puuc
Piezas y objetos,traducir,Pirámide del Sol,Pyramid of the Sun,10,,pyramide du Soleil,Piramida Słońca
Piezas y objetos,igual,Nierika,Nierika,9,,Nierika,Nierika
Piezas y objetos,igual,Spondylus,Spondylus,8,,Spondylus,Spondylus
Piezas y objetos,igual,Xook,Xook,8,,Xook,Xook
Piezas y objetos,traducir,Piedra del Sol,Sun Stone,7,,Pierre du Soleil,Kamień Słońca
Piezas y objetos,igual,Tlamanaliztli,Tlamanaliztli,7,,Tlamanaliztli,Tlamanaliztli
Piezas y objetos,traducir,Mujeres Bonitas,Pretty Ladies,6,Propuesta: así se conoce a las figurillas de Tlatilco en inglés,Jolies Dames,Piękne Damy
Piezas y objetos,igual,Tlalocan,Tlalocan,6,,Tlalocan,Tlalocan
Piezas y objetos,igual,Mictlán,Mictlán,6,,Mictlán,Mictlán
Piezas y objetos,traducir,Teocalli de la Guerra Sagrada,Teocalli of the Sacred War,5,,Teocalli de la Guerre sacrée,Teocalli Świętej Wojny
Piezas y objetos,traducir,Guerra Sagrada,Sacred War,5,,guerre sacrée,Święta Wojna
Piezas y objetos,traducir,Señor de Las Limas,Lord of Las Limas,5,,Seigneur de Las Limas,Pan z Las Limas
Piezas y objetos,traducir,Tumbas de Tiro,Shaft Tombs,5,,tombes à puits,Grobowce Szybowe
Piezas y objetos,traducir,Reina de Uxmal,Queen of Uxmal,5,,Reine d'Uxmal,Królowa z Uxmal
Piezas y objetos,traducir,Disco de la Muerte,Disc of Death,5,,Disque de la Mort,Dysk Śmierci
Piezas y objetos,igual,Teocalli,Teocalli,5,,Teocalli,Teocalli
Piezas y objetos,igual,Halach Uinic,Halach Uinic,5,,Halach Uinic,Halach Uinic
Piezas y objetos,traducir,Piedra de Tízoc,Stone of Tízoc,4,,Pierre de Tízoc,Kamień Tizoca
Piezas y objetos,traducir,Gran Pectoral de Oro,Great Gold Pectoral,4,Propuesta,Grand pectoral en or,Wielki Złoty Pektorał
Piezas y objetos,traducir,Muro de Serpientes,Wall of Serpents,4,,Mur des Serpents,Mur Węży
Piezas y objetos,traducir,Pirámide del Adivino,Pyramid of the Magician,4,"Revisar: en inglés se usa ""Pyramid of the Magician"" o ""Pyramid of the Soothsayer""",pyramide du Devin,Piramida Wróżbity
Piezas y objetos,traducir,Palacio de Quetzalpapálotl,Palace of Quetzalpapálotl,4,,Palais de Quetzalpapálotl,Pałac Quetzalpapálotl
Piezas y objetos,traducir,Papel Amate,Amate Paper,4,,papier amate,Papier amate
Piezas y objetos,igual,Ocelotl Cuauhxicalli,Ocelotl Cuauhxicalli,4,,Ocelotl Cuauhxicalli,Ocelotl Cuauhxicalli
Piezas y objetos,igual,Tzompantli,Tzompantli,4,,Tzompantli,Tzompantli
Piezas y objetos,igual,Codz Pop,Codz Pop,4,,Codz Pop,Codz Pop
Piezas y objetos,traducir,Guerra Florida,Flower War,3,,Guerre fleurie,Wojna Kwietna
Piezas y objetos,traducir,Tradición Tumbas de Tiro,Shaft Tomb Tradition,3,,tradition des tombes à puits,Tradycja grobowców szybowych
Piezas y objetos,traducir,Caracoles Emplumados,Feathered Conches,3,Propuesta,Conques à plumes,Pierzaste Muszle
Piezas y objetos,traducir,Templo de los Caracoles Emplumados,Temple of the Feathered Conches,3,,Temple des Conques à plumes,Świątynia Pierzastych Muszli
Piezas y objetos,traducir,Templo de Quetzalcóatl,Temple of Quetzalcóatl,3,,Temple de Quetzalcóatl,Świątynia Quetzalcóatla
Piezas y objetos,traducir,Mono de Obsidiana,Obsidian Monkey,3,,Singe d'obsidienne,Obsydianowa Małpa
Piezas y objetos,traducir,Guerrero Águila,Eagle Warrior,3,,Guerrier-Aigle,Wojownik Orzeł
Piezas y objetos,traducir,Baby Face,Baby-face,3,"Estilo olmeca; se queda como ""baby-face""",Baby-face,Baby Face
Piezas y objetos,igual,Witz,Witz,3,,Witz,Witz
Piezas y objetos,igual,Xibalbá,Xibalbá,3,,Xibalbá,Xibalbá
Piezas y objetos,traducir,Cabeza Colosal,Colossal Head,2,,Tête colossale,Kolosalna Głowa
Piezas y objetos,traducir,Perros Danzantes,Dancing Dogs,2,,Chiens dansants,Tańczące Psy
Piezas y objetos,igual,Popol Vuh,Popol Vuh,2,,Popol Vuh,Popol Vuh
Piezas y objetos,igual,Huey Tlatoani,Huey Tlatoani,2,,Huey Tlatoani,Huey Tlatoani
Fiestas y tradiciones,traducir,Xantolo,Xantolo,15,,Xantolo,Xantolo
Fiestas y tradiciones,traducir,Semana Santa,Holy Week,13,,Semaine sainte,Wielki Tydzień
Fiestas y tradiciones,traducir,Viejitos,Viejitos (Little Old Men),7,Primera vez con la explicación,Viejitos (Petits Vieux),Viejitos (Staruszkowie)
Fiestas y tradiciones,traducir,Huipil,huipil,7,,huipil,huipil
Fiestas y tradiciones,traducir,Voladores,Voladores (Flyers),6,Primera vez con la explicación entre paréntesis,Voladores (Hommes volants),Voladores (Latający Ludzie)
Fiestas y tradiciones,traducir,Diablos,Diablos,6,,Diablos,Diablos
Fiestas y tradiciones,traducir,Negritos,Negritos,6,,Negritos,Negritos
Fiestas y tradiciones,traducir,Judea,Judea,6,,Judea,Judea
Fiestas y tradiciones,traducir,Cuaresma,Lent,4,,Carême,Wielki Post
Fiestas y tradiciones,traducir,Chapayekas,Chapayekas,4,,Chapayekas,Chapayekas
Fiestas y tradiciones,traducir,Días de Muertos,Days of the Dead,3,,Jours des Morts,Dni Zmarłych
Fiestas y tradiciones,traducir,Día de Muertos,Day of the Dead,2,,Jour des Morts,Dzień Zmarłych
Fiestas y tradiciones,traducir,Sábado de Gloria,Holy Saturday,2,,Samedi saint,Wielka Sobota
Fiestas y tradiciones,traducir,Fieles Difuntos,All Souls' Day,2,,Commémoration des fidèles défunts,Dzień Zaduszny
Fiestas y tradiciones,traducir,Pasión de Cristo,Passion of Christ,2,,Passion du Christ,Męka Pańska
Fiestas y tradiciones,traducir,Fariseos,Pharisees,2,,Pharisiens,Faryzeusze
Fiestas y tradiciones,traducir,Danza de los Voladores,Dance of the Flyers,1,,Danse des Voladores,Taniec Voladores
Términos científicos,igual,Lucy,Lucy,8,,Lucy,Lucy
Términos científicos,igual,Clovis,Clovis,7,,Clovis,Clovis
Términos científicos,igual,Homo,Homo,6,,Homo,Homo
Términos científicos,igual,Australopithecus,Australopithecus,5,,Australopithecus,Australopithecus
Términos científicos,igual,Strombus,Strombus,5,,Strombus,Strombus
Términos científicos,igual,Mammuthus,Mammuthus,3,,Mammuthus,Mammuthus
Términos científicos,igual,Olneya,Olneya,3,,Olneya,Olneya
Términos científicos,igual,Camelops,Camelops,2,,Camelops,Camelops
Términos científicos,igual,Pharomachrus,Pharomachrus,2,,Pharomachrus,Pharomachrus
Términos científicos,igual,Jatropha,Jatropha,2,,Jatropha,Jatropha
Idiomas,traducir,otomí,Otomí,26,,otomí,otomí
Idiomas,traducir,purépecha,Purépecha,26,,purépecha,purépecha
Idiomas,traducir,mixteco,Mixtec,22,,mixtèque,język mixteków
Idiomas,traducir,náhuatl,Nahuatl,14,,nahuatl,nahuatl
Idiomas,traducir,zapoteco,Zapotec,6,,zapotèque,język zapoteków
Idiomas,traducir,Maya Yucateco,Yucatec Maya,2,,maya yucatèque,język Majów jukatańskich
